-- MySQL dump 10.13  Distrib 5.7.19, for Linux (x86_64)
--
-- Host: localhost    Database: ocr
-- ------------------------------------------------------
-- Server version	5.7.19

/*!40101 SET @OLD_CHARACTER_SET_CLIENT=@@CHARACTER_SET_CLIENT */;
/*!40101 SET @OLD_CHARACTER_SET_RESULTS=@@CHARACTER_SET_RESULTS */;
/*!40101 SET @OLD_COLLATION_CONNECTION=@@COLLATION_CONNECTION */;
/*!40101 SET NAMES utf8 */;
/*!40103 SET @OLD_TIME_ZONE=@@TIME_ZONE */;
/*!40103 SET TIME_ZONE='+00:00' */;
/*!40014 SET @OLD_UNIQUE_CHECKS=@@UNIQUE_CHECKS, UNIQUE_CHECKS=0 */;
/*!40014 SET @OLD_FOREIGN_KEY_CHECKS=@@FOREIGN_KEY_CHECKS, FOREIGN_KEY_CHECKS=0 */;
/*!40101 SET @OLD_SQL_MODE=@@SQL_MODE, SQL_MODE='NO_AUTO_VALUE_ON_ZERO' */;
/*!40111 SET @OLD_SQL_NOTES=@@SQL_NOTES, SQL_NOTES=0 */;

--
-- Table structure for table `AuthAssignment`
--

DROP TABLE IF EXISTS `AuthAssignment`;
/*!40101 SET @saved_cs_client     = @@character_set_client */;
/*!40101 SET character_set_client = utf8 */;
CREATE TABLE `AuthAssignment` (
  `itemname` varchar(64) NOT NULL,
  `userid` varchar(64) NOT NULL,
  `bizrule` text,
  `data` text,
  PRIMARY KEY (`itemname`,`userid`),
  CONSTRAINT `AuthAssignment_ibfk_1` FOREIGN KEY (`itemname`) REFERENCES `AuthItem` (`name`) ON DELETE CASCADE ON UPDATE CASCADE
) ENGINE=InnoDB DEFAULT CHARSET=latin1;
/*!40101 SET character_set_client = @saved_cs_client */;

--
-- Dumping data for table `AuthAssignment`
--

LOCK TABLES `AuthAssignment` WRITE;
/*!40000 ALTER TABLE `AuthAssignment` DISABLE KEYS */;
INSERT INTO `AuthAssignment` VALUES ('Admin','1',NULL,'N;'),('Admin','4',NULL,'N;'),('Admin','43',NULL,'N;'),('Admin','9',NULL,'N;'),('Authenticated','10',NULL,'N;'),('Authenticated','11',NULL,'N;'),('Authenticated','12',NULL,'N;'),('Authenticated','13',NULL,'N;'),('Authenticated','14',NULL,'N;'),('Authenticated','15',NULL,'N;'),('Authenticated','16',NULL,'N;'),('Authenticated','17',NULL,'N;'),('Authenticated','18',NULL,'N;'),('Authenticated','19',NULL,'N;'),('Authenticated','2',NULL,'N;'),('Authenticated','20',NULL,'N;'),('Authenticated','21',NULL,'N;'),('Authenticated','22',NULL,'N;'),('Authenticated','23',NULL,'N;'),('Authenticated','24',NULL,'N;'),('Authenticated','25',NULL,'N;'),('Authenticated','26',NULL,'N;'),('Authenticated','27',NULL,'N;'),('Authenticated','28',NULL,'N;'),('Authenticated','29',NULL,'N;'),('Authenticated','30',NULL,'N;'),('Authenticated','31',NULL,'N;'),('Authenticated','32',NULL,'N;'),('Authenticated','33',NULL,'N;'),('Authenticated','34',NULL,'N;'),('Authenticated','35',NULL,'N;'),('Authenticated','36',NULL,'N;'),('Authenticated','37',NULL,'N;'),('Authenticated','38',NULL,'N;'),('Authenticated','39',NULL,'N;'),('Authenticated','40',NULL,'N;'),('Authenticated','41',NULL,'N;'),('Authenticated','42',NULL,'N;'),('Authenticated','44',NULL,'N;'),('Authenticated','45',NULL,'N;'),('Authenticated','46',NULL,'N;'),('Authenticated','47',NULL,'N;'),('Authenticated','48',NULL,'N;'),('Authenticated','49',NULL,'N;'),('Authenticated','50',NULL,'N;'),('Authenticated','51',NULL,'N;'),('Authenticated','52',NULL,'N;'),('Authenticated','53',NULL,'N;'),('Authenticated','54',NULL,'N;'),('Authenticated','55',NULL,'N;'),('Authenticated','56',NULL,'N;'),('Authenticated','57',NULL,'N;'),('Authenticated','58',NULL,'N;'),('Authenticated','59',NULL,'N;'),('Authenticated','6',NULL,'N;'),('Authenticated','60',NULL,'N;'),('Authenticated','61',NULL,'N;'),('Authenticated','62',NULL,'N;'),('Authenticated','63',NULL,'N;'),('Authenticated','7',NULL,'N;'),('Authenticated','8',NULL,'N;'),('Authenticated','9',NULL,'N;');
/*!40000 ALTER TABLE `AuthAssignment` ENABLE KEYS */;
UNLOCK TABLES;

--
-- Table structure for table `AuthItem`
--

DROP TABLE IF EXISTS `AuthItem`;
/*!40101 SET @saved_cs_client     = @@character_set_client */;
/*!40101 SET character_set_client = utf8 */;
CREATE TABLE `AuthItem` (
  `name` varchar(64) NOT NULL,
  `type` int(11) NOT NULL,
  `description` text,
  `bizrule` text,
  `data` text,
  PRIMARY KEY (`name`)
) ENGINE=InnoDB DEFAULT CHARSET=latin1;
/*!40101 SET character_set_client = @saved_cs_client */;

--
-- Dumping data for table `AuthItem`
--

LOCK TABLES `AuthItem` WRITE;
/*!40000 ALTER TABLE `AuthItem` DISABLE KEYS */;
INSERT INTO `AuthItem` VALUES ('Admin',2,'Administrador',NULL,'N;'),('Arquivo.*',1,NULL,NULL,'N;'),('Arquivo.Admin',0,NULL,NULL,'N;'),('Arquivo.Create',0,NULL,NULL,'N;'),('Arquivo.Delete',0,NULL,NULL,'N;'),('Arquivo.Index',0,NULL,NULL,'N;'),('Arquivo.Update',0,NULL,NULL,'N;'),('Arquivo.UpdateStatus',0,NULL,NULL,'N;'),('Arquivo.Upload',0,NULL,NULL,'N;'),('Arquivo.View',0,NULL,NULL,'N;'),('Arquivo.ViewOcr',0,NULL,NULL,'N;'),('Authenticated',2,'Usuário Autenticado',NULL,'N;'),('Guest',2,'Visitante',NULL,'N;'),('User.Activation.*',1,NULL,NULL,'N;'),('User.Activation.Activation',0,NULL,NULL,'N;'),('User.Admin.*',1,NULL,NULL,'N;'),('User.Admin.Admin',0,NULL,NULL,'N;'),('User.Admin.Create',0,NULL,NULL,'N;'),('User.Admin.Delete',0,NULL,NULL,'N;'),('User.Admin.Update',0,NULL,NULL,'N;'),('User.Admin.View',0,NULL,NULL,'N;'),('User.Default.*',1,NULL,NULL,'N;'),('User.Default.Index',0,NULL,NULL,'N;'),('User.Login.*',1,NULL,NULL,'N;'),('User.Login.Login',0,NULL,NULL,'N;'),('User.Logout.*',1,NULL,NULL,'N;'),('User.Logout.Logout',0,NULL,NULL,'N;'),('User.Profile.*',1,NULL,NULL,'N;'),('User.Profile.Changepassword',0,NULL,NULL,'N;'),('User.Profile.Edit',0,NULL,NULL,'N;'),('User.Profile.Profile',0,NULL,NULL,'N;'),('User.ProfileField.*',1,NULL,NULL,'N;'),('User.ProfileField.Admin',0,NULL,NULL,'N;'),('User.ProfileField.Create',0,NULL,NULL,'N;'),('User.ProfileField.Delete',0,NULL,NULL,'N;'),('User.ProfileField.Update',0,NULL,NULL,'N;'),('User.ProfileField.View',0,NULL,NULL,'N;'),('User.Recovery.*',1,NULL,NULL,'N;'),('User.Recovery.Recovery',0,NULL,NULL,'N;'),('User.Registration.*',1,NULL,NULL,'N;'),('User.Registration.Registration',0,NULL,NULL,'N;'),('User.User.*',1,NULL,NULL,'N;'),('User.User.Index',0,NULL,NULL,'N;'),('User.User.View',0,NULL,NULL,'N;');
/*!40000 ALTER TABLE `AuthItem` ENABLE KEYS */;
UNLOCK TABLES;

--
-- Table structure for table `AuthItemChild`
--

DROP TABLE IF EXISTS `AuthItemChild`;
/*!40101 SET @saved_cs_client     = @@character_set_client */;
/*!40101 SET character_set_client = utf8 */;
CREATE TABLE `AuthItemChild` (
  `parent` varchar(64) NOT NULL,
  `child` varchar(64) NOT NULL,
  PRIMARY KEY (`parent`,`child`),
  KEY `child` (`child`),
  CONSTRAINT `AuthItemChild_ibfk_1` FOREIGN KEY (`parent`) REFERENCES `AuthItem` (`name`) ON DELETE CASCADE ON UPDATE CASCADE,
  CONSTRAINT `AuthItemChild_ibfk_2` FOREIGN KEY (`child`) REFERENCES `AuthItem` (`name`) ON DELETE CASCADE ON UPDATE CASCADE
) ENGINE=InnoDB DEFAULT CHARSET=latin1;
/*!40101 SET character_set_client = @saved_cs_client */;

--
-- Dumping data for table `AuthItemChild`
--

LOCK TABLES `AuthItemChild` WRITE;
/*!40000 ALTER TABLE `AuthItemChild` DISABLE KEYS */;
INSERT INTO `AuthItemChild` VALUES ('Authenticated','Arquivo.Create'),('Authenticated','Arquivo.Delete'),('Authenticated','Arquivo.Index'),('Authenticated','Arquivo.Update'),('Authenticated','Arquivo.Upload'),('Authenticated','Arquivo.View'),('Authenticated','Arquivo.ViewOcr'),('Authenticated','User.Profile.Profile');
/*!40000 ALTER TABLE `AuthItemChild` ENABLE KEYS */;
UNLOCK TABLES;

--
-- Table structure for table `Rights`
--

DROP TABLE IF EXISTS `Rights`;
/*!40101 SET @saved_cs_client     = @@character_set_client */;
/*!40101 SET character_set_client = utf8 */;
CREATE TABLE `Rights` (
  `itemname` varchar(64) NOT NULL,
  `type` int(11) NOT NULL,
  `weight` int(11) NOT NULL,
  PRIMARY KEY (`itemname`),
  CONSTRAINT `Rights_ibfk_1` FOREIGN KEY (`itemname`) REFERENCES `AuthItem` (`name`) ON DELETE CASCADE ON UPDATE CASCADE
) ENGINE=InnoDB DEFAULT CHARSET=latin1;
/*!40101 SET character_set_client = @saved_cs_client */;

--
-- Dumping data for table `Rights`
--

LOCK TABLES `Rights` WRITE;
/*!40000 ALTER TABLE `Rights` DISABLE KEYS */;
/*!40000 ALTER TABLE `Rights` ENABLE KEYS */;
UNLOCK TABLES;

--
-- Table structure for table `arquivo`
--

DROP TABLE IF EXISTS `arquivo`;
/*!40101 SET @saved_cs_client     = @@character_set_client */;
/*!40101 SET character_set_client = utf8 */;
CREATE TABLE `arquivo` (
  `id` int(11) NOT NULL AUTO_INCREMENT,
  `nome_arquivo` varchar(260) NOT NULL,
  `user_id` int(11) NOT NULL,
  `data` timestamp NULL DEFAULT NULL,
  `mimetype` varchar(45) DEFAULT NULL,
  `status` int(11) NOT NULL,
  `tamanho` int(11) NOT NULL,
  `hash` varchar(45) NOT NULL,
  PRIMARY KEY (`id`)
) ENGINE=InnoDB AUTO_INCREMENT=110 DEFAULT CHARSET=latin1;
/*!40101 SET character_set_client = @saved_cs_client */;

--
-- Dumping data for table `arquivo`
--

LOCK TABLES `arquivo` WRITE;
/*!40000 ALTER TABLE `arquivo` DISABLE KEYS */;

/*!40000 ALTER TABLE `arquivo` ENABLE KEYS */;
UNLOCK TABLES;

--
-- Table structure for table `profiles`
--

DROP TABLE IF EXISTS `profiles`;
/*!40101 SET @saved_cs_client     = @@character_set_client */;
/*!40101 SET character_set_client = utf8 */;
CREATE TABLE `profiles` (
  `user_id` int(11) NOT NULL AUTO_INCREMENT,
  `name` varchar(50) NOT NULL DEFAULT '',
  `setor` varchar(50) NOT NULL DEFAULT '',
  `limite_arquivos` int(10) NOT NULL DEFAULT '50',
  `limite_espaco` int(10) NOT NULL DEFAULT '100',
  PRIMARY KEY (`user_id`),
  CONSTRAINT `user_profile_id` FOREIGN KEY (`user_id`) REFERENCES `users` (`id`) ON DELETE CASCADE
) ENGINE=InnoDB AUTO_INCREMENT=64 DEFAULT CHARSET=utf8;
/*!40101 SET character_set_client = @saved_cs_client */;

--
-- Dumping data for table `profiles`
--

LOCK TABLES `profiles` WRITE;
/*!40000 ALTER TABLE `profiles` DISABLE KEYS */;
INSERT INTO `profiles` VALUES (1,'Administrador','Gerência',50,100);
/*!40000 ALTER TABLE `profiles` ENABLE KEYS */;
UNLOCK TABLES;

--
-- Table structure for table `profiles_fields`
--

DROP TABLE IF EXISTS `profiles_fields`;
/*!40101 SET @saved_cs_client     = @@character_set_client */;
/*!40101 SET character_set_client = utf8 */;
CREATE TABLE `profiles_fields` (
  `id` int(10) NOT NULL AUTO_INCREMENT,
  `varname` varchar(50) NOT NULL,
  `title` varchar(255) NOT NULL,
  `field_type` varchar(50) NOT NULL,
  `field_size` varchar(15) NOT NULL DEFAULT '0',
  `field_size_min` varchar(15) NOT NULL DEFAULT '0',
  `required` int(1) NOT NULL DEFAULT '0',
  `match` varchar(255) NOT NULL DEFAULT '',
  `range` varchar(255) NOT NULL DEFAULT '',
  `error_message` varchar(255) NOT NULL DEFAULT '',
  `other_validator` varchar(5000) NOT NULL DEFAULT '',
  `default` varchar(255) NOT NULL DEFAULT '',
  `widget` varchar(255) NOT NULL DEFAULT '',
  `widgetparams` varchar(5000) NOT NULL DEFAULT '',
  `position` int(3) NOT NULL DEFAULT '0',
  `visible` int(1) NOT NULL DEFAULT '0',
  PRIMARY KEY (`id`),
  KEY `varname` (`varname`,`widget`,`visible`)
) ENGINE=InnoDB AUTO_INCREMENT=7 DEFAULT CHARSET=utf8;
/*!40101 SET character_set_client = @saved_cs_client */;

--
-- Dumping data for table `profiles_fields`
--

LOCK TABLES `profiles_fields` WRITE;
/*!40000 ALTER TABLE `profiles_fields` DISABLE KEYS */;
INSERT INTO `profiles_fields` VALUES (3,'name','Nome','VARCHAR','50','5',0,'','','','','','','',0,3),(4,'setor','Setor','VARCHAR','50','0',0,'','','','','','','',0,3),(5,'limite_arquivos','Limite de arquivos ','INTEGER','10','0',3,'','','','','50','','',0,3),(6,'limite_espaco','Limite de espaço de Armazenamento (MB)','INTEGER','10','0',3,'','','','','100','','',0,3);
/*!40000 ALTER TABLE `profiles_fields` ENABLE KEYS */;
UNLOCK TABLES;

--
-- Table structure for table `users`
--

DROP TABLE IF EXISTS `users`;
/*!40101 SET @saved_cs_client     = @@character_set_client */;
/*!40101 SET character_set_client = utf8 */;
CREATE TABLE `users` (
  `id` int(11) NOT NULL AUTO_INCREMENT,
  `username` varchar(20) NOT NULL,
  `password` varchar(128) NOT NULL DEFAULT ' ',
  `email` varchar(128) NOT NULL,
  `activkey` varchar(128) NOT NULL DEFAULT '',
  `create_at` timestamp NOT NULL DEFAULT CURRENT_TIMESTAMP,
  `lastvisit_at` datetime DEFAULT '1970-01-02 00:00:00',
  `superuser` int(1) NOT NULL DEFAULT '0',
  `status` int(1) NOT NULL DEFAULT '0',
  PRIMARY KEY (`id`),
  UNIQUE KEY `username` (`username`),
  UNIQUE KEY `email` (`email`),
  KEY `status` (`status`),
  KEY `superuser` (`superuser`)
) ENGINE=InnoDB AUTO_INCREMENT=64 DEFAULT CHARSET=utf8;
/*!40101 SET character_set_client = @saved_cs_client */;

--
-- Dumping data for table `users`
--

LOCK TABLES `users` WRITE;
/*!40000 ALTER TABLE `users` DISABLE KEYS */;
INSERT INTO `users` VALUES (1,'admin','21232f297a57a5a743894a0e4a801fc3','admin@exemplo.br','e4a7e54c0d7e9c1ea89c9b68c3be197a','2017-08-20 15:36:20','2017-08-23 18:12:08',1,1);
/*!40000 ALTER TABLE `users` ENABLE KEYS */;
UNLOCK TABLES;
/*!40103 SET TIME_ZONE=@OLD_TIME_ZONE */;

/*!40101 SET SQL_MODE=@OLD_SQL_MODE */;
/*!40014 SET FOREIGN_KEY_CHECKS=@OLD_FOREIGN_KEY_CHECKS */;
/*!40014 SET UNIQUE_CHECKS=@OLD_UNIQUE_CHECKS */;
/*!40101 SET CHARACTER_SET_CLIENT=@OLD_CHARACTER_SET_CLIENT */;
/*!40101 SET CHARACTER_SET_RESULTS=@OLD_CHARACTER_SET_RESULTS */;
/*!40101 SET COLLATION_CONNECTION=@OLD_COLLATION_CONNECTION */;
/*!40111 SET SQL_NOTES=@OLD_SQL_NOTES */;

-- Dump completed on 2017-08-25 17:27:46
